item,item_num,Description,percent,se,lower,upper
trauma_thoughts,q_711,Problems with thinking,0.5990387927516337,0.01932685766965192,0.561158151719116,0.6369194337841515
trauma_feelings,q_715,Problems with emotions,0.5436924046674235,0.01932685766965192,0.5058117636349058,0.5815730456999413
trauma_behavior,q_719,Problems with behavior,0.48462986945510195,0.01932685766965192,0.4467492284225842,0.5225105104876198
trauma_relations,q_723,Problems with relationships,0.4920317381829562,0.01932685766965192,0.45415109715043844,0.529912379215474
trauma_physical,q_727,Problems with physical symptoms,0.5820741685178923,0.01932685766965192,0.5441935274853745,0.61995480955041
trauma_function,q_731,Problems with physical functioning,0.4192249174342728,0.01932685766965192,0.38134427640175506,0.4571055584667906
