Item,Label,Disaggregation,disag_val,Disaggregation type,Number,Percent,std.err,deff,margin,Lower,Upper,ci
no_educ,No education (6+),Overall,NA,No education (6+),31341.389684677124,0.8681799415040782,0.033684848409196534,5.5125524977353475,0.06602230288202521,0.802157638622053,0.9342022443861033,80.2% - 93.4%
literate,Literate (6+),Overall,NA,Literate (6+),1217.1182079315186,0.0338352684794676,0.010609903206993038,1.9145945940511566,0.020795410285706355,0.013039858193761245,0.054630678765173954,1.3% - 5.5%
prim_ed,Primary education (12+),Overall,NA,Primary education (12+),2007.2425022125244,0.055602118977109476,0.032273058810739774,11.02830335407463,0.06325519526904996,-0.007653076291940487,0.11885731424615945,-0.8% - 11.9%
sec_ed,Secondary education (18+),Overall,NA,Secondary education (18+),2751.47585105896,0.07704036871939912,0.012458714950974373,1.2028100248053908,0.02441908130390977,0.052621287415489354,0.10145945002330889,5.3% - 10.1%
