Service,Value,ci,Satisfied,Confidence interval
Check-up,0.24423523,18.6% - 30.2%,0.565468538,40.7% - 72.4%
Family planning,0.2761329,20.9% - 34.3%,0.462908061,30.8% - 61.8%
Growth monitoring,0.389122713,30.7% - 47.1%,0.445663561,34.2% - 54.9%
HIV service,0.034274488,0.8% - 6.1%,0.414709469,-0.848
Illness,0.966772594,94.9% - 98.5%,0.361387397,29.5% - 42.8%
Immunization,0.387612624,33.3% - 44.2%,0.651812421,54.5% - 75.8%
Malnutrition,0.547671198,48.1% - 61.4%,0.43282569,32.1% - 54.4%
Postnatal care,0.246457085,18% - 31.3%,0.362259774,22.1% - 50.4%
Prenatal care,0.209462956,15% - 26.9%,0.279391422,14.8% - 41.1%
