"","var_name","label","Value","lower","upper"
"1","worried","Worried about not enough to eat",0.952323993448327,0.934558395900429,0.970089590996224
"2","unhealthy","Unable to eat healthy",0.967691024837463,0.956704914854688,0.978677134820237
"3","few_foods","Ate few kinds of foods",0.963209207855454,0.949943264518618,0.97647515119229
"4","skip","Skipped a meal",0.963275092161388,0.950164166287758,0.976386018035018
"5","ate_less","Ate less than needed",0.968762295268117,0.958236884628682,0.979287705907551
"6","no_food","Did not have food",0.967192517085477,0.955389923034727,0.978995111136228
"7","not_eat","Did not eat",0.972610816521094,0.962466749974328,0.982754883067861
"8","wholeday","Went a day without eating",0.966024030801839,0.954087369057034,0.977960692546645
