Disaggregate,Disaggregate type,fies,fies_se,lower,upper
Overall,Overall,7.579314767104401,0.03954231468872594,7.501811830314499,7.656817703894304
