Disaggregate,Disaggregate type,hdds,hdds_se,lower,upper
Overall,Overall,6.364611408025578,0.14548702570767735,6.0794568376385305,6.649765978412625
