Item,Label,Disaggregation,disag_val,Disaggregation type,Number,Percent,std.err,deff,margin,Lower,Upper,ci
no_educ,No education (6+),Overall,NA,No education (6+),11035.49371623993,0.47323217414605395,0.01729050387583817,3.0090018556015177,0.03388938759664282,0.4393427865494111,0.5071215617426967,43.9% - 50.7%
literate,Literate (6+),Overall,NA,Literate (6+),12699.695427894592,0.43718550808279044,0.013939976038948426,2.509845096738907,0.027322353036338915,0.40986315504645154,0.46450786111912934,41% - 46.5%
prim_ed,Primary education (12+),Overall,NA,Primary education (12+),6717.379197835922,0.40133037976870795,0.01601570954575986,1.8522627413517154,0.03139079070968932,0.36993958905901864,0.43272117047839725,37% - 43.3%
sec_ed,Secondary education (18+),Overall,NA,Secondary education (18+),1318.3477898836136,0.12002147022685389,0.02202042714049219,5.201760699847307,0.04316003719536469,0.076861433031489207,0.16318150742221857,7.7% - 16.3%
