Service,Value,ci,Satisfied,Confidence interval
Check-up,0.330161558,26% - 40.1%,0.657539404,51.7% - 79.8%
Family planning,0.068159984,2.9% - 10.7%,0.844902419,71.8% - 97.2%
Growth monitoring,0.097250159,4.7% - 14.7%,0.70501612,56.4% - 84.6%
HIV service,0.150177929,10.2% - 19.9%,0.835631987,73.9% - 93.2%
Illness,0.862560312,82.6% - 89.9%,0.485404683,41.3% - 55.7%
Immunization,0.269759134,20.6% - 33.4%,0.658316344,51.5% - 80.2%
Malnutrition,0.121551831,6.1% - 18.2%,0.267646876,12.8% - 40.7%
Postnatal care,0.120279199,7.8% - 16.2%,0.443901718,31.2% - 57.6%
Prenatal care,0.159315339,12.5% - 19.4%,0.669860186,55% - 79%
