Item,Label,Disaggregation,disag_val,Disaggregation type,Number,Percent,std.err,deff,margin,Lower,Upper,ci
no_educ,No education (6+),Overall,NA,No education (6+),33623.87300682068,0.6554627789475242,0.03271785890057595,13.16793912848823,0.06412700344512887,0.5913357755023954,0.7195897823926531,59.1% - 72%
literate,Literate (6+),Overall,NA,Literate (6+),17348.216108322144,0.28575298354889256,0.029004181885728626,13.581178282300867,0.056848196496028104,0.22890478705286446,0.3426011800449207,22.9% - 34.3%
prim_ed,Primary education (12+),Overall,NA,Primary education (12+),9432.883387088776,0.23206367603219213,0.02079256530884457,5.358947302570631,0.04075342800533536,0.19131024802685678,0.2728171040375275,19.1% - 27.3%
sec_ed,Secondary education (18+),Overall,NA,Secondary education (18+),4261.4483098983765,0.13666340683255723,0.01561225067789949,3.52847062383974,0.030600011328682997,0.10606339550387424,0.16726341816124024,10.6% - 16.7%
