Service,Value,ci,Satisfied,Confidence interval
Check-up,0.4086034320145959,31.2% - 50.5%,0.3663749155905004,20.3% - 53%
Family planning,0.0176995289879618,0.4% - 3.1%,0.3490055704863888,-6.3% - 76.1%
Growth monitoring,0.02013235768515492,0.7% - 3.4%,0.6630955826331932,29.6% - 103%
HIV service,0.0622944950228985,1.5% - 10.9%,0.4273927677232651,0.6% - 84.9%
Illness,0.8415445465836638,79.7% - 88.7%,0.3646863071324617,24.9% - 48%
Immunization,0.31011039364295556,22.2% - 39.8%,0.3577681092161628,21.8% - 49.7%
Malnutrition,0.01995740342034648,0.5% - 3.5%,0.2547350760272373,-15.6% - 66.6%
Postnatal care,0.08715346499649503,4.9% - 12.5%,0.4711975187800005,22.2% - 72%
Prenatal care,0.16243463540845182,11.1% - 21.4%,0.5508950499141911,37.9% - 72.3%
