variable,description,percent,se,lower,upper
q501l,Disaster planning group in community,0.27974574328101204,0.015984491836543258,0.24841613928138725,0.3110753472806368
q610,Emergency action plan in place,0.24486851861948983,0.014065364452195514,0.21730040429318662,0.272436632945793
q611,Emergency plan addressed shock that household faced,0.19336037495346262,0.012577512795995381,0.16870844987331168,0.21801230003361355
q612,Emergency plan successfully mitigated effect of shock,0.07371705619859632,0.006166310267226644,0.0616310880748321,0.08580302432236055
