item,difficulty,discrimination
q_629,-4.206167491946755,0.23559328554968506
q_630,-9.171697636536987,0.12031688463915134
q_634,-0.47883996005906604,-7.960899524266213
q_635,-0.6591262235706964,-1.4528807861786133
q_632,-3.4399098772973926,0.39686004737124814
q_633,-6.46753708903212,0.2761272438226927
