item,description,PC1,difficulty,discrimination
q_636,I can mostly determine what will happen in my life,0.795619065739619,-0.6389927068905592,1.8811741654426446
q_637,"When I get what I want, it is usually because I worked hard for it",0.8273674764497492,-1.138639778068876,4.01432678206072
q_638,My life is determined by my own actions,0.8266004615510985,-1.039710072155324,2.656508821667609
