item,Description,percent,se,lower,upper
q_636,I can mostly determine what will happen in my life,0.6755251597289664,0.01854701380733322,0.6391730126665933,0.7118773067913395
q_637,"When I get what I want, it is usually because I worked hard for it",0.8752743222062483,0.012250345744376332,0.8512636445472708,0.8992849998652259
q_638,My life is determined by my own actions,0.8376266803513572,0.013716961733194503,0.810741435354296,0.8645119253484185
