Item,Label,Disaggregation,disag_val,Disaggregation type,Number,Percent,std.err,deff,margin,Lower,Upper,ci
no_educ,No education (6+),Overall,NA,No education (6+),21151.628270983696,0.5866043273142089,0.04412021156087895,30.013693902835186,0.08647561465932273,0.5001287126548861,0.6730799419735316,50% - 67.3%
literate,Literate (6+),Overall,NA,Literate (6+),15143.41102385521,0.3489871821255187,0.03803438376380453,28.614543430077703,0.07454739217705689,0.27443978994846185,0.4235345743025756,27.4% - 42.4%
prim_ed,Primary education (12+),Overall,NA,Primary education (12+),8002.021864652634,0.292574585357827,0.041814389744506686,23.98278764929219,0.0819562038992331,0.2106183814585939,0.37453078925706007,21.1% - 37.5%
sec_ed,Secondary education (18+),Overall,NA,Secondary education (18+),2629.898800134659,0.1361332968932434,0.018394034107345802,5.886382874115577,0.03605230685039777,0.10008099004284564,0.17218560374364117,10% - 17.2%
