Service,Value,ci,Satisfied,Confidence interval
Check-up,0.5158680649843816,29.1% - 74.1%,0.4437895892613402,26.6% - 62.2%
Family planning,0.2655230972525247,11.1% - 42%,0.5290981740982691,26% - 79.8%
Growth monitoring,0.34119657926447783,15.2% - 53%,0.4938081967501756,24.4% - 74.3%
HIV service,0.2434071142718248,6.8% - 41.8%,0.6117070039679171,37.7% - 84.6%
Illness,0.8522995753763913,70% - 100.5%,0.3081407254380707,11.6% - 50%
Immunization,0.3867627609442571,21.5% - 55.9%,0.47301000389274545,24.8% - 69.8%
Malnutrition,0.327441232638365,16% - 49.5%,0.3397881610484062,14.3% - 53.6%
Postnatal care,0.2584343139686817,9.6% - 42.1%,0.5785917414880511,32.8% - 82.9%
Prenatal care,0.2734263900860284,11.8% - 42.9%,0.5003908440999474,21.6% - 78.5%
