Item,Label,Disaggregation,disag_val,Disaggregation type,Number,Percent,std.err,deff,margin,Lower,Upper,ci
no_educ,No education (6+),Overall,NA,No education (6+),14097.039409160614,0.5607864900892019,0.03735949170177481,14.495367314889496,0.07322460373547862,0.4875618863537233,0.6340110938246806,48.8% - 63.4%
literate,Literate (6+),Overall,NA,Literate (6+),10904.874953508377,0.32791006135014794,0.02864804426965257,12.534930590088424,0.056150166768519034,0.2717598945816289,0.38406022811866697,27.2% - 38.4%
prim_ed,Primary education (12+),Overall,NA,Primary education (12+),7262.85604429245,0.4173278099385569,0.03994109282222984,11.671165247507295,0.07828454193157047,0.3390432680069864,0.49561235187012737,33.9% - 49.6%
sec_ed,Secondary education (18+),Overall,NA,Secondary education (18+),621.5615828037262,0.05991059776560978,0.013865308277645934,3.635263183496781,0.02717600422418603,0.032734593541423745,0.08708660198979581,3.3% - 8.7%
