Service,Value,ci,Satisfied,Confidence interval
Check-up,0.435425759,28.8% - 58.3%,0.303138644,11.8% - 48.8%
Family planning,0.059729345,0.4% - 11.6%,0.27607067,3.5% - 51.8%
Growth monitoring,0.03165641,-1.9% - 8.2%,0.177955852,14.7% - 20.9%
HIV service,0.095897799,0.4% - 18.8%,0.638830398,27.7% - 100%
Illness,0.935686825,89.2% - 97.9%,0.256394922,15.3% - 36%
Immunization,0.335240215,22.5% - 44.5%,0.313961545,10.9% - 51.9%
Malnutrition,0.123781149,4% - 20.7%,0.317823422,18.4% - 45.2%
Postnatal care,0.195811381,10.6% - 28.6%,0.410622942,14.8% - 67.3%
Prenatal care,0.238820818,14.5% - 33.3%,0.408691838,16.7% - 65%
