Item,Label,Disaggregation,disag_val,Disaggregation type,Number,Percent,std.err,deff,margin,Lower,Upper,ci
no_educ,No education (6+),Overall,NA,No education (6+),16146.851027488708,0.5745377743163228,0.04299426026974653,17.052494308277208,0.0842687501287032,0.4902690241876196,0.658806524445026,49% - 65.9%
literate,Literate (6+),Overall,NA,Literate (6+),12642.638391256332,0.3496336471076303,0.04137226672744133,21.475788506675737,0.081089642785785,0.2685440043218453,0.4307232898934153,26.9% - 43.1%
prim_ed,Primary education (12+),Overall,NA,Primary education (12+),4019.1511101722717,0.21365737445204655,0.031497339313244374,9.22357029753123,0.06173478505395897,0.1519225893980876,0.27539215950600554,15.2% - 27.5%
sec_ed,Secondary education (18+),Overall,NA,Secondary education (18+),1550.571517944336,0.13486260589188492,0.02584627550366904,5.828638027445993,0.050658699987191316,0.08420390590469361,0.18552130587907623,8.4% - 18.6%
