Service,Value,ci,Satisfied,Confidence interval
Check-up,0.6827541331120043,56.7% - 79.8%,0.5920920290346243,44.6% - 73.8%
Family planning,0.32388603198999105,16.8% - 48%,0.8486064668923207,70.3% - 99.4%
Growth monitoring,0.24746219267391212,10.6% - 38.9%,0.844694571600269,68.2% - 100.7%
HIV service,0.2155632518265203,7.6% - 35.5%,0.902445347000666,76.3% - 104.2%
Illness,0.9669707113756856,94.1% - 99.3%,0.5165544464415275,34.1% - 69.2%
Immunization,0.6391096666202617,52.4% - 75.4%,0.6131258322206187,45.2% - 77.5%
Malnutrition,0.35748542153992097,21.7% - 49.8%,0.7114767465564175,52.7% - 89.6%
Postnatal care,0.35761362834766464,20.3% - 51.3%,0.8360241450068375,69.6% - 97.6%
Prenatal care,0.3812824264369919,23.4% - 52.9%,0.7805184812504312,62.5% - 93.6%
