Item,Label,Disaggregation,disag_val,Disaggregation type,Number,Percent,std.err,deff,margin,Lower,Upper,ci
no_educ,No education (6+),Overall,NA,No education (6+),15581.873193502426,0.46968547494844914,0.014897762171878486,3.228269296624129,0.029199613856881832,0.4404858610915673,0.498885088805331,44% - 49.9%
literate,Literate (6+),Overall,NA,Literate (6+),17816.819706201553,0.4332663720812008,0.014579818758828836,3.875764491391119,0.028576444767304518,0.40468992731389625,0.4618428168485053,40.5% - 46.2%
prim_ed,Primary education (12+),Overall,NA,Primary education (12+),9812.425907373428,0.409303854878571,0.012977584517053973,1.856414592771438,0.025436065653425786,0.38386778922514525,0.4347399205319968,38.4% - 43.5%
sec_ed,Secondary education (18+),Overall,NA,Secondary education (18+),1545.5918471813202,0.08875349749492677,0.012526826960880663,3.6884416961001776,0.024552580843326097,0.06420091665160067,0.11330607833825286,6.4% - 11.3%
