Service,Value,ci,Satisfied,Confidence interval
Check-up,0.5816635328624822,47.7% - 68.7%,0.3633436786512598,24.1% - 48.6%
Family planning,0.12172750803866823,7.9% - 16.5%,0.6743325328528733,54.8% - 80.1%
Growth monitoring,0.2366015837024117,16.2% - 31.1%,0.3621237085971323,22% - 50.5%
HIV service,0.21364727510602383,15.9% - 26.9%,0.39108804687479015,26.8% - 51.5%
Illness,0.91592453664689,89.5% - 93.7%,0.3041894510672592,20.5% - 40.3%
Immunization,0.46242805623327143,38.3% - 54.2%,0.3611682498562295,24% - 48.2%
Malnutrition,0.0935255513315028,5.6% - 13.1%,0.7646072176521205,59.3% - 93.6%
Postnatal care,0.32383719710247466,27.4% - 37.3%,0.3722743119191086,23.5% - 51%
Prenatal care,0.4202077553908189,36.8% - 47.3%,0.3773040947623969,21.9% - 53.5%
