item,description,ML1,difficulty,discrimination
q_490,"Able to lean on relatives
in community (Bonding)",0.9797972858869368,-0.09115024787981862,14.942141425689387
rc_q_491,"Able to help relatives
in community (Bonding)",0.9776796086877436,0.021054763906900902,6.64768947224009
q_494,"Able to lean on non-relatives
in community (Bonding)",0.7476513509749801,0.022509113980954374,21.399341619619545
rc_q_495,"Able to help non-relatives
in community (Bonding)",0.7883248766045593,0.1256429740793469,14.730069275990628
