item,description,ML1,difficulty,discrimination
q_492,"Able to lean on relatives
outside community (Bridging)",0.9827826189014017,-0.03212960579046075,24.66291622590045
rc_q_493,"Able to help relatives
outside community (Bridging)",0.97141715173568,0.09874576264380759,6.024501113557683
q_496,"Able to lean on non-relatives
 outside community (Bridging)",0.7853298234061299,0.007048630085401236,21.4719354450386
rc_q_497,"Able to help non-relatives
 outside community (Bridging)",0.8195674381965232,0.10900863218813492,14.819160991580626
