item,ML1
bonding_fac,0.8528081917422385
bridging_fac,0.8528081917422385
