Service,Value,ci,Satisfied,Confidence interval
Check-up,0.445307028,33.9% - 55.2%,0.650864518,44.3% - 85.9%
Family planning,0.059096145,2.1% - 9.7%,1,100% - 100%
Growth monitoring,0.04231239,1.8% - 6.7%,0.898377217,79.5% - 100.1%
HIV service,0.04544142,1.9% - 7.1%,0.831963511,59.5% - 106.9%
Illness,0.968292105,94.2% - 99.5%,0.690578993,55% - 83.1%
Immunization,0.336783885,22.8% - 44.5%,0.663221634,39.7% - 92.9%
Malnutrition,0.09540884,1.2% - 17.9%,0.256076369,-0.608
Postnatal care,0.085789248,4.4% - 12.7%,0.94141365,85.5% - 102.8%
Prenatal care,0.158744253,10.4% - 21.4%,0.920981755,84.2% - 100%
