Item,Label,Disaggregation,disag_val,Disaggregation type,Number,Percent,std.err,deff,margin,Lower,Upper,ci
no_educ,No education (6+),Overall,NA,No education (6+),8975.379461884499,0.3598740729662436,0.04812134242215588,27.824385209253187,0.09431783114742552,0.26555624181881804,0.4541919041136691,26.6% - 45.4%
literate,Literate (6+),Overall,NA,Literate (6+),15388.622396945953,0.4927677961889558,0.035023491848578225,16.77910727333211,0.06864604402321332,0.42412175216574244,0.5614138402121691,42.4% - 56.1%
prim_ed,Primary education (12+),Overall,NA,Primary education (12+),5963.5002900362015,0.34061364731221316,0.05571925380315438,27.53581393381353,0.10920973745418258,0.23140390985803058,0.4498233847663957,23.1% - 45%
sec_ed,Secondary education (18+),Overall,NA,Secondary education (18+),3070.5444017648697,0.2903097188862155,0.054969619541503624,18.215312444737002,0.1077404543013471,0.18256926458486838,0.3980501731875626,18.3% - 39.8%
