Item,Label,Disaggregation,disag_val,Disaggregation type,Number,Percent,std.err,deff,margin,Lower,Upper,ci
measles_vacc,Vaccinated for measles (9+ months),Overall,NA,Vaccinated for measles (9+ months),4685.949200391769,0.9595670923297831,0.012848843474995628,2.16588572853494,0.025183733210991432,0.9343833591187917,0.9847508255407745,93.4% - 98.5%
visited_clinic,Visited health clinic in past six months,Overall,NA,Visited health clinic in past six months,4833.200888037682,0.8501240260249379,0.03866718040435736,7.3224310389901515,0.07578767359254043,0.7743363524323974,0.9259116996174783,77.4% - 92.6%
hlth_rating,Positive rating of health clinic visit,Overall,NA,Positive rating of health clinic visit,2732.2551201581955,0.5715049964227757,0.10501109986668979,21.299321124417332,0.20582175573871198,0.36568324068406377,0.7773267521614877,36.6% - 77.7%
hlth_satis,Satisfaction with health clinic service,Overall,NA,Satisfaction with health clinic service,2265.4238731861115,0.4740506896118309,0.0717343015899872,9.803444298868103,0.1405992311163749,0.333451458495456,0.6146499207282058,33.3% - 61.5%
