Service,Value,ci,Satisfied,Confidence interval
Check-up,0.4396232275264531,25.4% - 62.5%,0.6187970309955854,46.6% - 77.2%
Family planning,0.03365209985639603,1.1% - 5.6%,0.6204718361548707,28.9% - 95.2%
Growth monitoring,0.04842267795612499,-0.1% - 9.8%,0.7656929558717265,54.8% - 98.3%
HIV service,0.00887586703097354,-0.2% - 2%,0.6440830278906984,11.9% - 116.9%
Illness,0.931201623023868,88.6% - 97.6%,0.4681907761282968,31.9% - 61.7%
Immunization,0.6521825355703921,48.6% - 81.9%,0.5105523917117123,34.2% - 67.9%
Malnutrition,0.3443747386626193,20.3% - 48.5%,0.5475256498106509,32.5% - 77%
Postnatal care,0.23289957271312817,15.2% - 31.4%,0.6220695875529605,44.9% - 79.5%
Prenatal care,0.2649416314926741,19% - 34%,0.5908818349464667,44.5% - 73.6%
