Service,Value,ci,Satisfied,Confidence interval
Check-up,0.50952179,42.9% - 59%,0.770024158,67.8% - 86.2%
Family planning,0.234964909,17.1% - 29.9%,0.629504002,47% - 78.9%
Growth monitoring,0.523810529,46% - 58.7%,0.7666756,65.6% - 87.7%
HIV service,0.159726531,12.1% - 19.8%,0.633243867,44.9% - 81.7%
Illness,0.953845049,92.9% - 97.8%,0.701301868,61% - 79.3%
Immunization,0.342874207,23.1% - 45.4%,0.628487973,54.1% - 71.6%
Malnutrition,0.403702887,35.2% - 45.6%,0.629645519,52.5% - 73.5%
Postnatal care,0.223851685,15.6% - 29.2%,0.598106797,47.7% - 72%
Prenatal care,0.450623927,36.7% - 53.4%,0.698385568,58.4% - 81.3%
